[
    {
        "model": "admin.logentry",
        "pk": 1,
        "fields": {
            "action_time": "2023-01-27T21:03:04.099Z",
            "user": 1,
            "content_type": 8,
            "object_id": "17",
            "object_repr": "000",
            "action_flag": 3,
            "change_message": ""
        }
    },
    {
        "model": "admin.logentry",
        "pk": 2,
        "fields": {
            "action_time": "2023-01-27T21:03:04.107Z",
            "user": 1,
            "content_type": 8,
            "object_id": "15",
            "object_repr": "456",
            "action_flag": 3,
            "change_message": ""
        }
    },
    {
        "model": "admin.logentry",
        "pk": 3,
        "fields": {
            "action_time": "2023-01-27T21:03:04.116Z",
            "user": 1,
            "content_type": 8,
            "object_id": "16",
            "object_repr": "789",
            "action_flag": 3,
            "change_message": ""
        }
    },
    {
        "model": "admin.logentry",
        "pk": 4,
        "fields": {
            "action_time": "2023-01-27T21:03:04.123Z",
            "user": 1,
            "content_type": 8,
            "object_id": "10",
            "object_repr": "AAA",
            "action_flag": 3,
            "change_message": ""
        }
    },
    {
        "model": "admin.logentry",
        "pk": 5,
        "fields": {
            "action_time": "2023-01-27T21:03:04.132Z",
            "user": 1,
            "content_type": 8,
            "object_id": "11",
            "object_repr": "ABC",
            "action_flag": 3,
            "change_message": ""
        }
    },
    {
        "model": "admin.logentry",
        "pk": 6,
        "fields": {
            "action_time": "2023-01-27T21:03:04.139Z",
            "user": 1,
            "content_type": 8,
            "object_id": "12",
            "object_repr": "Riverside",
            "action_flag": 3,
            "change_message": ""
        }
    },
    {
        "model": "admin.logentry",
        "pk": 7,
        "fields": {
            "action_time": "2023-01-27T21:03:04.148Z",
            "user": 1,
            "content_type": 8,
            "object_id": "13",
            "object_repr": "South",
            "action_flag": 3,
            "change_message": ""
        }
    },
    {
        "model": "admin.logentry",
        "pk": 8,
        "fields": {
            "action_time": "2023-01-28T12:57:25.398Z",
            "user": 1,
            "content_type": 8,
            "object_id": "21",
            "object_repr": "AAA",
            "action_flag": 3,
            "change_message": ""
        }
    },
    {
        "model": "admin.logentry",
        "pk": 9,
        "fields": {
            "action_time": "2023-01-28T12:57:25.406Z",
            "user": 1,
            "content_type": 8,
            "object_id": "22",
            "object_repr": "QQQ",
            "action_flag": 3,
            "change_message": ""
        }
    },
    {
        "model": "admin.logentry",
        "pk": 10,
        "fields": {
            "action_time": "2023-01-28T12:57:25.414Z",
            "user": 1,
            "content_type": 8,
            "object_id": "20",
            "object_repr": "Riverside North",
            "action_flag": 3,
            "change_message": ""
        }
    },
    {
        "model": "admin.logentry",
        "pk": 11,
        "fields": {
            "action_time": "2023-01-28T12:57:25.422Z",
            "user": 1,
            "content_type": 8,
            "object_id": "23",
            "object_repr": "Riverside South",
            "action_flag": 3,
            "change_message": ""
        }
    },
    {
        "model": "admin.logentry",
        "pk": 12,
        "fields": {
            "action_time": "2023-01-28T13:01:49.932Z",
            "user": 1,
            "content_type": 8,
            "object_id": "24",
            "object_repr": "Laura's Pussy",
            "action_flag": 3,
            "change_message": ""
        }
    },
    {
        "model": "admin.logentry",
        "pk": 13,
        "fields": {
            "action_time": "2023-01-28T18:46:43.459Z",
            "user": 1,
            "content_type": 8,
            "object_id": "27",
            "object_repr": "Riverside North",
            "action_flag": 1,
            "change_message": "[{\"added\": {}}]"
        }
    },
    {
        "model": "admin.logentry",
        "pk": 14,
        "fields": {
            "action_time": "2023-01-28T18:46:57.869Z",
            "user": 1,
            "content_type": 8,
            "object_id": "28",
            "object_repr": "Riverside South",
            "action_flag": 1,
            "change_message": "[{\"added\": {}}]"
        }
    },
    {
        "model": "admin.logentry",
        "pk": 15,
        "fields": {
            "action_time": "2023-01-29T19:40:23.424Z",
            "user": 1,
            "content_type": 7,
            "object_id": "3",
            "object_repr": "admin | Nonesuch River | Blue | 2023-01-29 19:40:20+00:00",
            "action_flag": 1,
            "change_message": "[{\"added\": {}}]"
        }
    },
    {
        "model": "admin.logentry",
        "pk": 16,
        "fields": {
            "action_time": "2023-01-29T19:42:35.030Z",
            "user": 1,
            "content_type": 7,
            "object_id": "3",
            "object_repr": "admin | Nonesuch River | Blue | 2023-01-29 19:40:20+00:00",
            "action_flag": 2,
            "change_message": "[]"
        }
    },
    {
        "model": "admin.logentry",
        "pk": 17,
        "fields": {
            "action_time": "2023-01-29T19:59:46.354Z",
            "user": 1,
            "content_type": 7,
            "object_id": "4",
            "object_repr": "admin | Nonesuch River | Blue | 2023-01-29 19:59:36+00:00",
            "action_flag": 1,
            "change_message": "[{\"added\": {}}]"
        }
    },
    {
        "model": "auth.permission",
        "pk": 1,
        "fields": {
            "name": "Can add log entry",
            "content_type": 1,
            "codename": "add_logentry"
        }
    },
    {
        "model": "auth.permission",
        "pk": 2,
        "fields": {
            "name": "Can change log entry",
            "content_type": 1,
            "codename": "change_logentry"
        }
    },
    {
        "model": "auth.permission",
        "pk": 3,
        "fields": {
            "name": "Can delete log entry",
            "content_type": 1,
            "codename": "delete_logentry"
        }
    },
    {
        "model": "auth.permission",
        "pk": 4,
        "fields": {
            "name": "Can view log entry",
            "content_type": 1,
            "codename": "view_logentry"
        }
    },
    {
        "model": "auth.permission",
        "pk": 5,
        "fields": {
            "name": "Can add permission",
            "content_type": 2,
            "codename": "add_permission"
        }
    },
    {
        "model": "auth.permission",
        "pk": 6,
        "fields": {
            "name": "Can change permission",
            "content_type": 2,
            "codename": "change_permission"
        }
    },
    {
        "model": "auth.permission",
        "pk": 7,
        "fields": {
            "name": "Can delete permission",
            "content_type": 2,
            "codename": "delete_permission"
        }
    },
    {
        "model": "auth.permission",
        "pk": 8,
        "fields": {
            "name": "Can view permission",
            "content_type": 2,
            "codename": "view_permission"
        }
    },
    {
        "model": "auth.permission",
        "pk": 9,
        "fields": {
            "name": "Can add group",
            "content_type": 3,
            "codename": "add_group"
        }
    },
    {
        "model": "auth.permission",
        "pk": 10,
        "fields": {
            "name": "Can change group",
            "content_type": 3,
            "codename": "change_group"
        }
    },
    {
        "model": "auth.permission",
        "pk": 11,
        "fields": {
            "name": "Can delete group",
            "content_type": 3,
            "codename": "delete_group"
        }
    },
    {
        "model": "auth.permission",
        "pk": 12,
        "fields": {
            "name": "Can view group",
            "content_type": 3,
            "codename": "view_group"
        }
    },
    {
        "model": "auth.permission",
        "pk": 13,
        "fields": {
            "name": "Can add content type",
            "content_type": 4,
            "codename": "add_contenttype"
        }
    },
    {
        "model": "auth.permission",
        "pk": 14,
        "fields": {
            "name": "Can change content type",
            "content_type": 4,
            "codename": "change_contenttype"
        }
    },
    {
        "model": "auth.permission",
        "pk": 15,
        "fields": {
            "name": "Can delete content type",
            "content_type": 4,
            "codename": "delete_contenttype"
        }
    },
    {
        "model": "auth.permission",
        "pk": 16,
        "fields": {
            "name": "Can view content type",
            "content_type": 4,
            "codename": "view_contenttype"
        }
    },
    {
        "model": "auth.permission",
        "pk": 17,
        "fields": {
            "name": "Can add session",
            "content_type": 5,
            "codename": "add_session"
        }
    },
    {
        "model": "auth.permission",
        "pk": 18,
        "fields": {
            "name": "Can change session",
            "content_type": 5,
            "codename": "change_session"
        }
    },
    {
        "model": "auth.permission",
        "pk": 19,
        "fields": {
            "name": "Can delete session",
            "content_type": 5,
            "codename": "delete_session"
        }
    },
    {
        "model": "auth.permission",
        "pk": 20,
        "fields": {
            "name": "Can view session",
            "content_type": 5,
            "codename": "view_session"
        }
    },
    {
        "model": "auth.permission",
        "pk": 21,
        "fields": {
            "name": "Can add user",
            "content_type": 6,
            "codename": "add_golfer"
        }
    },
    {
        "model": "auth.permission",
        "pk": 22,
        "fields": {
            "name": "Can change user",
            "content_type": 6,
            "codename": "change_golfer"
        }
    },
    {
        "model": "auth.permission",
        "pk": 23,
        "fields": {
            "name": "Can delete user",
            "content_type": 6,
            "codename": "delete_golfer"
        }
    },
    {
        "model": "auth.permission",
        "pk": 24,
        "fields": {
            "name": "Can view user",
            "content_type": 6,
            "codename": "view_golfer"
        }
    },
    {
        "model": "auth.permission",
        "pk": 25,
        "fields": {
            "name": "Can add round",
            "content_type": 7,
            "codename": "add_round"
        }
    },
    {
        "model": "auth.permission",
        "pk": 26,
        "fields": {
            "name": "Can change round",
            "content_type": 7,
            "codename": "change_round"
        }
    },
    {
        "model": "auth.permission",
        "pk": 27,
        "fields": {
            "name": "Can delete round",
            "content_type": 7,
            "codename": "delete_round"
        }
    },
    {
        "model": "auth.permission",
        "pk": 28,
        "fields": {
            "name": "Can view round",
            "content_type": 7,
            "codename": "view_round"
        }
    },
    {
        "model": "auth.permission",
        "pk": 29,
        "fields": {
            "name": "Can add course",
            "content_type": 8,
            "codename": "add_course"
        }
    },
    {
        "model": "auth.permission",
        "pk": 30,
        "fields": {
            "name": "Can change course",
            "content_type": 8,
            "codename": "change_course"
        }
    },
    {
        "model": "auth.permission",
        "pk": 31,
        "fields": {
            "name": "Can delete course",
            "content_type": 8,
            "codename": "delete_course"
        }
    },
    {
        "model": "auth.permission",
        "pk": 32,
        "fields": {
            "name": "Can view course",
            "content_type": 8,
            "codename": "view_course"
        }
    },
    {
        "model": "auth.permission",
        "pk": 33,
        "fields": {
            "name": "Can add tee",
            "content_type": 9,
            "codename": "add_tee"
        }
    },
    {
        "model": "auth.permission",
        "pk": 34,
        "fields": {
            "name": "Can change tee",
            "content_type": 9,
            "codename": "change_tee"
        }
    },
    {
        "model": "auth.permission",
        "pk": 35,
        "fields": {
            "name": "Can delete tee",
            "content_type": 9,
            "codename": "delete_tee"
        }
    },
    {
        "model": "auth.permission",
        "pk": 36,
        "fields": {
            "name": "Can view tee",
            "content_type": 9,
            "codename": "view_tee"
        }
    },
    {
        "model": "auth.permission",
        "pk": 37,
        "fields": {
            "name": "Can add hole info",
            "content_type": 10,
            "codename": "add_holeinfo"
        }
    },
    {
        "model": "auth.permission",
        "pk": 38,
        "fields": {
            "name": "Can change hole info",
            "content_type": 10,
            "codename": "change_holeinfo"
        }
    },
    {
        "model": "auth.permission",
        "pk": 39,
        "fields": {
            "name": "Can delete hole info",
            "content_type": 10,
            "codename": "delete_holeinfo"
        }
    },
    {
        "model": "auth.permission",
        "pk": 40,
        "fields": {
            "name": "Can view hole info",
            "content_type": 10,
            "codename": "view_holeinfo"
        }
    },
    {
        "model": "auth.permission",
        "pk": 41,
        "fields": {
            "name": "Can add hole score",
            "content_type": 11,
            "codename": "add_holescore"
        }
    },
    {
        "model": "auth.permission",
        "pk": 42,
        "fields": {
            "name": "Can change hole score",
            "content_type": 11,
            "codename": "change_holescore"
        }
    },
    {
        "model": "auth.permission",
        "pk": 43,
        "fields": {
            "name": "Can delete hole score",
            "content_type": 11,
            "codename": "delete_holescore"
        }
    },
    {
        "model": "auth.permission",
        "pk": 44,
        "fields": {
            "name": "Can view hole score",
            "content_type": 11,
            "codename": "view_holescore"
        }
    },
    {
        "model": "contenttypes.contenttype",
        "pk": 1,
        "fields": {
            "app_label": "admin",
            "model": "logentry"
        }
    },
    {
        "model": "contenttypes.contenttype",
        "pk": 2,
        "fields": {
            "app_label": "auth",
            "model": "permission"
        }
    },
    {
        "model": "contenttypes.contenttype",
        "pk": 3,
        "fields": {
            "app_label": "auth",
            "model": "group"
        }
    },
    {
        "model": "contenttypes.contenttype",
        "pk": 4,
        "fields": {
            "app_label": "contenttypes",
            "model": "contenttype"
        }
    },
    {
        "model": "contenttypes.contenttype",
        "pk": 5,
        "fields": {
            "app_label": "sessions",
            "model": "session"
        }
    },
    {
        "model": "contenttypes.contenttype",
        "pk": 6,
        "fields": {
            "app_label": "golfer",
            "model": "golfer"
        }
    },
    {
        "model": "contenttypes.contenttype",
        "pk": 7,
        "fields": {
            "app_label": "round",
            "model": "round"
        }
    },
    {
        "model": "contenttypes.contenttype",
        "pk": 8,
        "fields": {
            "app_label": "course",
            "model": "course"
        }
    },
    {
        "model": "contenttypes.contenttype",
        "pk": 9,
        "fields": {
            "app_label": "tee",
            "model": "tee"
        }
    },
    {
        "model": "contenttypes.contenttype",
        "pk": 10,
        "fields": {
            "app_label": "holeinfo",
            "model": "holeinfo"
        }
    },
    {
        "model": "contenttypes.contenttype",
        "pk": 11,
        "fields": {
            "app_label": "holescore",
            "model": "holescore"
        }
    },
    {
        "model": "sessions.session",
        "pk": "yz39rjll5ju1m55eaxi3zkq3lqhi0yy9",
        "fields": {
            "session_data": ".eJxVjMsOwiAQRf-FtSHDG1y69xvIwIBUDU1KuzL-uzbpQrf3nHNfLOK2triNssSJ2JkJdvrdEuZH6TugO_bbzPPc12VKfFf4QQe_zlSel8P9O2g42rdGhSC1cclaEMEryEF4HWolZ5LPgmwGohrIKC9BKiV80AaM07UmlI69P75zNug:1pLTwQ:aNR4n0FHyMrh_RqvuErlfw0VFrdEv01byFLoN1tfVlE",
            "expire_date": "2023-02-10T18:59:14.207Z"
        }
    },
    {
        "model": "golfer.golfer",
        "pk": 1,
        "fields": {
            "password": "pbkdf2_sha256$390000$XcZE8UhrflK2crW32N4pQE$Pej+L4XCZa2u+HZQN0OwKDTEW5u310N8GHupJB3GlCo=",
            "last_login": "2023-01-27T18:59:14.198Z",
            "is_superuser": true,
            "username": "admin",
            "first_name": "",
            "last_name": "",
            "email": "admin@n.com",
            "is_staff": true,
            "is_active": true,
            "date_joined": "2023-01-25T11:17:25.530Z",
            "groups": [],
            "user_permissions": []
        }
    },
    {
        "model": "round.round",
        "pk": 8,
        "fields": {
            "golfer": 1,
            "course": 31,
            "tee": 15,
            "date": "2022-08-05T00:00:00Z"
        }
    },
    {
        "model": "course.course",
        "pk": 25,
        "fields": {
            "name": "Nonesuch River"
        }
    },
    {
        "model": "course.course",
        "pk": 30,
        "fields": {
            "name": "Val Halla"
        }
    },
    {
        "model": "course.course",
        "pk": 31,
        "fields": {
            "name": "Willowdale"
        }
    },
    {
        "model": "tee.tee",
        "pk": 2,
        "fields": {
            "course": 25,
            "name": "Blue"
        }
    },
    {
        "model": "tee.tee",
        "pk": 12,
        "fields": {
            "course": 30,
            "name": "White"
        }
    },
    {
        "model": "tee.tee",
        "pk": 13,
        "fields": {
            "course": 30,
            "name": "Blue"
        }
    },
    {
        "model": "tee.tee",
        "pk": 15,
        "fields": {
            "course": 31,
            "name": "Blue"
        }
    },
    {
        "model": "holeinfo.holeinfo",
        "pk": 4,
        "fields": {
            "tee": 2,
            "number": 1,
            "par": 4,
            "handicap": 7,
            "yards": 362
        }
    },
    {
        "model": "holeinfo.holeinfo",
        "pk": 6,
        "fields": {
            "tee": 2,
            "number": 2,
            "par": 3,
            "handicap": 17,
            "yards": 140
        }
    },
    {
        "model": "holeinfo.holeinfo",
        "pk": 7,
        "fields": {
            "tee": 2,
            "number": 3,
            "par": 5,
            "handicap": 1,
            "yards": 473
        }
    },
    {
        "model": "holeinfo.holeinfo",
        "pk": 9,
        "fields": {
            "tee": 2,
            "number": 4,
            "par": 3,
            "handicap": 13,
            "yards": 152
        }
    },
    {
        "model": "holeinfo.holeinfo",
        "pk": 10,
        "fields": {
            "tee": 2,
            "number": 5,
            "par": 4,
            "handicap": 9,
            "yards": 327
        }
    },
    {
        "model": "holeinfo.holeinfo",
        "pk": 17,
        "fields": {
            "tee": 2,
            "number": 6,
            "par": 3,
            "handicap": 15,
            "yards": 144
        }
    },
    {
        "model": "holeinfo.holeinfo",
        "pk": 18,
        "fields": {
            "tee": 12,
            "number": 1,
            "par": 4,
            "handicap": 3,
            "yards": 375
        }
    },
    {
        "model": "holeinfo.holeinfo",
        "pk": 19,
        "fields": {
            "tee": 12,
            "number": 2,
            "par": 4,
            "handicap": 7,
            "yards": 350
        }
    },
    {
        "model": "holeinfo.holeinfo",
        "pk": 20,
        "fields": {
            "tee": 12,
            "number": 3,
            "par": 3,
            "handicap": 13,
            "yards": 150
        }
    },
    {
        "model": "holeinfo.holeinfo",
        "pk": 21,
        "fields": {
            "tee": 13,
            "number": 1,
            "par": 4,
            "handicap": 3,
            "yards": 385
        }
    },
    {
        "model": "holeinfo.holeinfo",
        "pk": 22,
        "fields": {
            "tee": 13,
            "number": 2,
            "par": 4,
            "handicap": 7,
            "yards": 400
        }
    },
    {
        "model": "holeinfo.holeinfo",
        "pk": 23,
        "fields": {
            "tee": 13,
            "number": 3,
            "par": 3,
            "handicap": 13,
            "yards": 150
        }
    },
    {
        "model": "holeinfo.holeinfo",
        "pk": 24,
        "fields": {
            "tee": 13,
            "number": 4,
            "par": 4,
            "handicap": 9,
            "yards": 350
        }
    },
    {
        "model": "holeinfo.holeinfo",
        "pk": 25,
        "fields": {
            "tee": 13,
            "number": 5,
            "par": 5,
            "handicap": 17,
            "yards": 470
        }
    },
    {
        "model": "holeinfo.holeinfo",
        "pk": 26,
        "fields": {
            "tee": 13,
            "number": 6,
            "par": 4,
            "handicap": 5,
            "yards": 390
        }
    },
    {
        "model": "holeinfo.holeinfo",
        "pk": 27,
        "fields": {
            "tee": 13,
            "number": 7,
            "par": 4,
            "handicap": 11,
            "yards": 290
        }
    },
    {
        "model": "holeinfo.holeinfo",
        "pk": 28,
        "fields": {
            "tee": 13,
            "number": 8,
            "par": 3,
            "handicap": 15,
            "yards": 160
        }
    },
    {
        "model": "holeinfo.holeinfo",
        "pk": 29,
        "fields": {
            "tee": 13,
            "number": 9,
            "par": 4,
            "handicap": 1,
            "yards": 410
        }
    },
    {
        "model": "holeinfo.holeinfo",
        "pk": 30,
        "fields": {
            "tee": 13,
            "number": 10,
            "par": 4,
            "handicap": 10,
            "yards": 375
        }
    },
    {
        "model": "holeinfo.holeinfo",
        "pk": 31,
        "fields": {
            "tee": 13,
            "number": 11,
            "par": 3,
            "handicap": 18,
            "yards": 160
        }
    },
    {
        "model": "holeinfo.holeinfo",
        "pk": 32,
        "fields": {
            "tee": 13,
            "number": 12,
            "par": 5,
            "handicap": 2,
            "yards": 610
        }
    },
    {
        "model": "holeinfo.holeinfo",
        "pk": 33,
        "fields": {
            "tee": 13,
            "number": 13,
            "par": 4,
            "handicap": 6,
            "yards": 405
        }
    },
    {
        "model": "holeinfo.holeinfo",
        "pk": 34,
        "fields": {
            "tee": 13,
            "number": 14,
            "par": 4,
            "handicap": 8,
            "yards": 400
        }
    },
    {
        "model": "holeinfo.holeinfo",
        "pk": 35,
        "fields": {
            "tee": 13,
            "number": 15,
            "par": 4,
            "handicap": 16,
            "yards": 390
        }
    },
    {
        "model": "holeinfo.holeinfo",
        "pk": 36,
        "fields": {
            "tee": 13,
            "number": 16,
            "par": 4,
            "handicap": 4,
            "yards": 380
        }
    },
    {
        "model": "holeinfo.holeinfo",
        "pk": 37,
        "fields": {
            "tee": 13,
            "number": 17,
            "par": 3,
            "handicap": 14,
            "yards": 190
        }
    },
    {
        "model": "holeinfo.holeinfo",
        "pk": 38,
        "fields": {
            "tee": 13,
            "number": 18,
            "par": 5,
            "handicap": 12,
            "yards": 490
        }
    },
    {
        "model": "holeinfo.holeinfo",
        "pk": 39,
        "fields": {
            "tee": 12,
            "number": 4,
            "par": 4,
            "handicap": 9,
            "yards": 350
        }
    },
    {
        "model": "holeinfo.holeinfo",
        "pk": 40,
        "fields": {
            "tee": 12,
            "number": 5,
            "par": 5,
            "handicap": 17,
            "yards": 460
        }
    },
    {
        "model": "holeinfo.holeinfo",
        "pk": 41,
        "fields": {
            "tee": 12,
            "number": 6,
            "par": 4,
            "handicap": 5,
            "yards": 370
        }
    },
    {
        "model": "holeinfo.holeinfo",
        "pk": 42,
        "fields": {
            "tee": 12,
            "number": 7,
            "par": 4,
            "handicap": 11,
            "yards": 290
        }
    },
    {
        "model": "holeinfo.holeinfo",
        "pk": 43,
        "fields": {
            "tee": 12,
            "number": 8,
            "par": 3,
            "handicap": 15,
            "yards": 150
        }
    },
    {
        "model": "holeinfo.holeinfo",
        "pk": 44,
        "fields": {
            "tee": 12,
            "number": 9,
            "par": 4,
            "handicap": 1,
            "yards": 400
        }
    },
    {
        "model": "holeinfo.holeinfo",
        "pk": 45,
        "fields": {
            "tee": 12,
            "number": 10,
            "par": 4,
            "handicap": 10,
            "yards": 375
        }
    },
    {
        "model": "holeinfo.holeinfo",
        "pk": 46,
        "fields": {
            "tee": 12,
            "number": 11,
            "par": 3,
            "handicap": 18,
            "yards": 150
        }
    },
    {
        "model": "holeinfo.holeinfo",
        "pk": 47,
        "fields": {
            "tee": 12,
            "number": 12,
            "par": 5,
            "handicap": 2,
            "yards": 595
        }
    },
    {
        "model": "holeinfo.holeinfo",
        "pk": 48,
        "fields": {
            "tee": 12,
            "number": 13,
            "par": 4,
            "handicap": 6,
            "yards": 385
        }
    },
    {
        "model": "holeinfo.holeinfo",
        "pk": 49,
        "fields": {
            "tee": 12,
            "number": 14,
            "par": 4,
            "handicap": 8,
            "yards": 390
        }
    },
    {
        "model": "holeinfo.holeinfo",
        "pk": 50,
        "fields": {
            "tee": 12,
            "number": 15,
            "par": 4,
            "handicap": 16,
            "yards": 350
        }
    },
    {
        "model": "holeinfo.holeinfo",
        "pk": 51,
        "fields": {
            "tee": 12,
            "number": 16,
            "par": 4,
            "handicap": 4,
            "yards": 365
        }
    },
    {
        "model": "holeinfo.holeinfo",
        "pk": 52,
        "fields": {
            "tee": 12,
            "number": 17,
            "par": 3,
            "handicap": 14,
            "yards": 180
        }
    },
    {
        "model": "holeinfo.holeinfo",
        "pk": 53,
        "fields": {
            "tee": 12,
            "number": 18,
            "par": 5,
            "handicap": 12,
            "yards": 480
        }
    },
    {
        "model": "holeinfo.holeinfo",
        "pk": 54,
        "fields": {
            "tee": 2,
            "number": 7,
            "par": 4,
            "handicap": 11,
            "yards": 293
        }
    },
    {
        "model": "holeinfo.holeinfo",
        "pk": 55,
        "fields": {
            "tee": 2,
            "number": 8,
            "par": 4,
            "handicap": 3,
            "yards": 379
        }
    },
    {
        "model": "holeinfo.holeinfo",
        "pk": 56,
        "fields": {
            "tee": 2,
            "number": 9,
            "par": 4,
            "handicap": 5,
            "yards": 369
        }
    },
    {
        "model": "holeinfo.holeinfo",
        "pk": 57,
        "fields": {
            "tee": 2,
            "number": 10,
            "par": 5,
            "handicap": 8,
            "yards": 446
        }
    },
    {
        "model": "holeinfo.holeinfo",
        "pk": 58,
        "fields": {
            "tee": 2,
            "number": 11,
            "par": 4,
            "handicap": 4,
            "yards": 350
        }
    },
    {
        "model": "holeinfo.holeinfo",
        "pk": 59,
        "fields": {
            "tee": 2,
            "number": 12,
            "par": 4,
            "handicap": 14,
            "yards": 300
        }
    },
    {
        "model": "holeinfo.holeinfo",
        "pk": 60,
        "fields": {
            "tee": 2,
            "number": 14,
            "par": 4,
            "handicap": 12,
            "yards": 339
        }
    },
    {
        "model": "holeinfo.holeinfo",
        "pk": 61,
        "fields": {
            "tee": 2,
            "number": 14,
            "par": 4,
            "handicap": 10,
            "yards": 342
        }
    },
    {
        "model": "holeinfo.holeinfo",
        "pk": 62,
        "fields": {
            "tee": 2,
            "number": 15,
            "par": 3,
            "handicap": 18,
            "yards": 129
        }
    },
    {
        "model": "holeinfo.holeinfo",
        "pk": 63,
        "fields": {
            "tee": 2,
            "number": 16,
            "par": 5,
            "handicap": 2,
            "yards": 441
        }
    },
    {
        "model": "holeinfo.holeinfo",
        "pk": 64,
        "fields": {
            "tee": 2,
            "number": 17,
            "par": 3,
            "handicap": 16,
            "yards": 138
        }
    },
    {
        "model": "holeinfo.holeinfo",
        "pk": 65,
        "fields": {
            "tee": 2,
            "number": 18,
            "par": 4,
            "handicap": 6,
            "yards": 384
        }
    },
    {
        "model": "holeinfo.holeinfo",
        "pk": 66,
        "fields": {
            "tee": 15,
            "number": 1,
            "par": 4,
            "handicap": 8,
            "yards": 363
        }
    },
    {
        "model": "holeinfo.holeinfo",
        "pk": 67,
        "fields": {
            "tee": 15,
            "number": 2,
            "par": 5,
            "handicap": 10,
            "yards": 513
        }
    },
    {
        "model": "holeinfo.holeinfo",
        "pk": 68,
        "fields": {
            "tee": 15,
            "number": 3,
            "par": 4,
            "handicap": 2,
            "yards": 427
        }
    },
    {
        "model": "holeinfo.holeinfo",
        "pk": 69,
        "fields": {
            "tee": 15,
            "number": 4,
            "par": 4,
            "handicap": 4,
            "yards": 356
        }
    },
    {
        "model": "holeinfo.holeinfo",
        "pk": 70,
        "fields": {
            "tee": 15,
            "number": 5,
            "par": 3,
            "handicap": 6,
            "yards": 199
        }
    },
    {
        "model": "holeinfo.holeinfo",
        "pk": 71,
        "fields": {
            "tee": 15,
            "number": 6,
            "par": 4,
            "handicap": 12,
            "yards": 409
        }
    },
    {
        "model": "holeinfo.holeinfo",
        "pk": 72,
        "fields": {
            "tee": 15,
            "number": 7,
            "par": 3,
            "handicap": 14,
            "yards": 167
        }
    },
    {
        "model": "holeinfo.holeinfo",
        "pk": 73,
        "fields": {
            "tee": 15,
            "number": 8,
            "par": 4,
            "handicap": 16,
            "yards": 344
        }
    },
    {
        "model": "holeinfo.holeinfo",
        "pk": 74,
        "fields": {
            "tee": 15,
            "number": 9,
            "par": 4,
            "handicap": 18,
            "yards": 329
        }
    },
    {
        "model": "holeinfo.holeinfo",
        "pk": 75,
        "fields": {
            "tee": 15,
            "number": 10,
            "par": 4,
            "handicap": 1,
            "yards": 394
        }
    },
    {
        "model": "holeinfo.holeinfo",
        "pk": 76,
        "fields": {
            "tee": 15,
            "number": 11,
            "par": 3,
            "handicap": 9,
            "yards": 197
        }
    },
    {
        "model": "holeinfo.holeinfo",
        "pk": 77,
        "fields": {
            "tee": 15,
            "number": 12,
            "par": 4,
            "handicap": 5,
            "yards": 378
        }
    },
    {
        "model": "holeinfo.holeinfo",
        "pk": 78,
        "fields": {
            "tee": 15,
            "number": 13,
            "par": 4,
            "handicap": 3,
            "yards": 390
        }
    },
    {
        "model": "holeinfo.holeinfo",
        "pk": 79,
        "fields": {
            "tee": 15,
            "number": 14,
            "par": 4,
            "handicap": 15,
            "yards": 297
        }
    },
    {
        "model": "holeinfo.holeinfo",
        "pk": 80,
        "fields": {
            "tee": 15,
            "number": 15,
            "par": 3,
            "handicap": 13,
            "yards": 150
        }
    },
    {
        "model": "holeinfo.holeinfo",
        "pk": 81,
        "fields": {
            "tee": 15,
            "number": 16,
            "par": 4,
            "handicap": 7,
            "yards": 389
        }
    },
    {
        "model": "holeinfo.holeinfo",
        "pk": 82,
        "fields": {
            "tee": 15,
            "number": 17,
            "par": 4,
            "handicap": 17,
            "yards": 296
        }
    },
    {
        "model": "holeinfo.holeinfo",
        "pk": 83,
        "fields": {
            "tee": 15,
            "number": 18,
            "par": 5,
            "handicap": 11,
            "yards": 487
        }
    },
    {
        "model": "holescore.holescore",
        "pk": 26,
        "fields": {
            "hole": 66,
            "round": 8,
            "score": 5
        }
    },
    {
        "model": "holescore.holescore",
        "pk": 27,
        "fields": {
            "hole": 67,
            "round": 8,
            "score": 5
        }
    },
    {
        "model": "holescore.holescore",
        "pk": 28,
        "fields": {
            "hole": 68,
            "round": 8,
            "score": 4
        }
    },
    {
        "model": "holescore.holescore",
        "pk": 29,
        "fields": {
            "hole": 69,
            "round": 8,
            "score": 5
        }
    },
    {
        "model": "holescore.holescore",
        "pk": 30,
        "fields": {
            "hole": 71,
            "round": 8,
            "score": 7
        }
    },
    {
        "model": "holescore.holescore",
        "pk": 31,
        "fields": {
            "hole": 72,
            "round": 8,
            "score": 4
        }
    },
    {
        "model": "holescore.holescore",
        "pk": 32,
        "fields": {
            "hole": 73,
            "round": 8,
            "score": 5
        }
    },
    {
        "model": "holescore.holescore",
        "pk": 33,
        "fields": {
            "hole": 74,
            "round": 8,
            "score": 4
        }
    },
    {
        "model": "holescore.holescore",
        "pk": 34,
        "fields": {
            "hole": 75,
            "round": 8,
            "score": 8
        }
    },
    {
        "model": "holescore.holescore",
        "pk": 35,
        "fields": {
            "hole": 76,
            "round": 8,
            "score": 5
        }
    },
    {
        "model": "holescore.holescore",
        "pk": 36,
        "fields": {
            "hole": 77,
            "round": 8,
            "score": 5
        }
    },
    {
        "model": "holescore.holescore",
        "pk": 37,
        "fields": {
            "hole": 78,
            "round": 8,
            "score": 4
        }
    },
    {
        "model": "holescore.holescore",
        "pk": 38,
        "fields": {
            "hole": 79,
            "round": 8,
            "score": 5
        }
    },
    {
        "model": "holescore.holescore",
        "pk": 39,
        "fields": {
            "hole": 80,
            "round": 8,
            "score": 3
        }
    },
    {
        "model": "holescore.holescore",
        "pk": 40,
        "fields": {
            "hole": 81,
            "round": 8,
            "score": 5
        }
    },
    {
        "model": "holescore.holescore",
        "pk": 41,
        "fields": {
            "hole": 82,
            "round": 8,
            "score": 4
        }
    },
    {
        "model": "holescore.holescore",
        "pk": 42,
        "fields": {
            "hole": 83,
            "round": 8,
            "score": 5
        }
    }
]